<?xml version="1.0" encoding="UTF-8"?>
<classpath>
	<classpathentry kind="output" path="bin/default"/>
	<classpathentry output="bin/main" kind="src" path="src">
		<attributes>
			<attribute name="gradle_scope" value="main"/>
			<attribute name="gradle_used_by_scope" value="main,test"/>
		</attributes>
	</classpathentry>
	<classpathentry kind="con" path="org.eclipse.jdt.launching.JRE_CONTAINER/org.eclipse.jdt.internal.debug.ui.launcher.StandardVMType/JavaSE-1.6/"/>
	<classpathentry sourcepath="C:/Users/32501216/.gradle/caches/modules-2/files-2.1/com.badlogicgames.gdx/gdx/1.9.8/bac17f395be5010619b31280fe84e9f53118d0b9/gdx-1.9.8-sources.jar" kind="lib" path="C:/Users/32501216/.gradle/caches/modules-2/files-2.1/com.badlogicgames.gdx/gdx/1.9.8/a35a0076fbce873f9c2d5a1a1c8066244231bb3c/gdx-1.9.8.jar">
		<attributes>
			<attribute name="gradle_used_by_scope" value="main,test"/>
		</attributes>
	</classpathentry>
</classpath>
